{
  "project_info": {
    "project_number": "848647616432",
    "firebase_url": "https://mainproject-be634-default-rtdb.europe-west1.firebasedatabase.app",
    "project_id": "mainproject-be634",
    "storage_bucket": "mainproject-be634.appspot.com"
  },
  "client": [
    {
      "client_info": {
        "mobilesdk_app_id": "1:848647616432:android:34872276df1a8559a34875",
        "android_client_info": {
          "package_name": "com.android.application"
        }
      },
      "oauth_client": [
        {
          "client_id": "848647616432-lk6dksmmtt292k41g4q8im8mosph1otq.apps.googleusercontent.com",
          "client_type": 3
        }
      ],
      "api_key": [
        {
          "current_key": "AIzaSyBzSTqAw9dmV-QOdWusvZhh3__wwlv1VcI"
        }
      ],
      "services": {
        "appinvite_service": {
          "other_platform_oauth_client": [
            {
              "client_id": "848647616432-lk6dksmmtt292k41g4q8im8mosph1otq.apps.googleusercontent.com",
              "client_type": 3
            },
            {
              "client_id": "848647616432-5hcuqbfvmqt0f284qie75ucvpk3oevr7.apps.googleusercontent.com",
              "client_type": 2,
              "ios_info": {
                "bundle_id": "com.example.pro1"
              }
            }
          ]
        }
      }
    }
  ],
  "configuration_version": "1"
}