{
  "Users": {
    "1564": {
      "User_type": "Child"
    },
    "2110": {
      "User_type": "Child"
    },
    "2165": {
      "User_type": "Child"
    },
    "2740": {
      "User_type": "Child"
    },
    "3311": {
      "User_type": "Child"
    },
    "5634": {
      "User_type": "Child"
    },
    "6539": {
      "User_type": "Child"
    },
    "6926": {
      "User_type": "Child"
    },
    "6948": {
      "User_type": "Child"
    },
    "7498": {
      "User_type": "Child"
    },
    "7512": {
      "User_type": "Child"
    },
    "9093": {
      "User_type": "Child"
    },
    "57sBCEoyM5eDXopvVQCbZIRBUg62": {
      "Name": "hussam12",
      "User_Mode": "family",
      "User_Type": "Normal"
    },
    "7JpAQIcxymSu1oECPlcUF7RAVTC3": {
      "Name": "hussam",
      "User_Mode": "personal",
      "User_Type": "Normal"
    },
    "BH5y0lE7BWRNKMDlbjvmR9jjhbW2": {
      "Children": {
        "1488": {
          "Child Name": "Ahmad"
        },
        "1868": {
          "Child Name": "Ahmad"
        },
        "2786": {
          "Child Name": "Ahmad"
        },
        "4669": {
          "Child Name": "Ahmad"
        },
        "5952": {
          "Child Name": "Ahmad"
        },
        "6346": {
          "Child Name": "Ahmad"
        },
        "6416": {
          "Child Name": "Ahmad"
        },
        "8691": {
          "Child Name": "Ahmad"
        },
        "9184": {
          "Child Name": "Ahmad"
        },
        "9573": {
          "Child Name": "Ahmad"
        },
        "Test": "tesst"
      },
      "Name": "test000",
      "User_Mode": "family",
      "User_Type": "Normal"
    },
    "GHJkgW1TZIfFOZdcVNIwkZ3tu0D2": {
      "Name": "hussam0",
      "User_Mode": "family",
      "User_Type": "Normal"
    },
    "XOo5boLiPZSorlveg1RU1p2Ff6s2": {
      "Name": "test5",
      "User_Mode": "family"
    },
    "cvfpvBMg4uhiwyG7Y0R7CEMv7gj2": {
      "User_type": "Child"
    },
    "ijh7buMM9OdjOMp8Kv82qv38AtI3": {
      "User_type": "Child"
    },
    "nfdpWJxn3oaqCL83IcsBIW9ozhL2": {
      "Children": {
        "Test": "tesst"
      },
      "Name": "hussam6",
      "User_Mode": "family",
      "User_Type": "Normal"
    },
    "pa3p9fEHaLZynzjOfErrTPN74m42": {
      "Name": "hussam9",
      "User_Mode": "family",
      "User_Type": "Normal"
    },
    "rTYmHK3khJTNNoPMbY50hfNV33B2": {
      "Name": "hussam1",
      "User_Mode": "family",
      "User_Type": "Normal"
    },
    "v6OhJFHXMVThgJgotASTW3gdHZF3": {
      "Name": "hussam5",
      "User_Mode": "personal",
      "User_Type": "Normal"
    },
    "zjLXSWRCPXVY2A9CivvsrMokfCz1": {
      "Children": {
        "98": {
          "AppCategory": [
            "video",
            "undefined",
            "productivity",
            "undefined",
            "social",
            "productivity",
            "undefined",
            "undefined",
            "undefined",
            "productivity",
            "productivity",
            "undefined",
            "undefined",
            "undefined",
            "undefined",
            "game",
            "undefined",
            "undefined",
            "undefined",
            "undefined",
            "undefined",
            "undefined",
            "undefined",
            "undefined",
            "social",
            "productivity",
            "undefined",
            "productivity",
            "undefined",
            "audio",
            "social",
            "maps",
            "productivity",
            "undefined",
            "undefined",
            "productivity",
            "undefined",
            "undefined",
            "productivity",
            "undefined",
            "productivity",
            "undefined",
            "undefined",
            "productivity",
            "undefined",
            "undefined",
            "undefined",
            "social",
            "image",
            "undefined",
            "undefined",
            "social",
            "social",
            "social",
            "undefined",
            "undefined",
            "undefined",
            "game",
            "productivity",
            "undefined",
            "maps",
            "undefined",
            "undefined",
            "productivity",
            "social",
            "undefined",
            "productivity",
            "productivity",
            "undefined",
            "productivity",
            "undefined",
            "undefined",
            "social",
            "undefined",
            "undefined",
            "undefined",
            "video",
            "undefined",
            "undefined",
            "image",
            "audio",
            "undefined",
            "maps",
            "undefined",
            "undefined",
            "undefined",
            "undefined",
            "social",
            "productivity",
            "undefined",
            "undefined",
            "productivity",
            "social",
            "game",
            "video",
            "maps",
            "undefined",
            "productivity",
            "undefined",
            "undefined",
            "productivity",
            "undefined",
            "productivity",
            "productivity",
            "productivity",
            "productivity",
            "undefined",
            "productivity",
            "undefined",
            "undefined",
            "undefined",
            "undefined",
            "undefined",
            "undefined",
            "social",
            "undefined",
            "productivity",
            "undefined",
            "productivity",
            "undefined",
            "productivity",
            "undefined",
            "social"
          ],
          "AppsNames1": [
            "launcher",
            "contacts",
            "raidlegends",
            "messaging",
            "permissioncontroller",
            "systemmanager",
            "katana",
            "truecaller",
            "settings",
            "application",
            "vending",
            "youtube",
            "orca",
            "whatsapp"
          ],
          "AppsNames2": [
            "YouTube",
            "Camera",
            "Your Phone Companion",
            "HUAWEI Music",
            "Truecaller",
            "Google",
            "Huawei Health",
            "Assistant",
            "Cloud",
            "Microsoft SwiftKey Keyboard",
            "Docs",
            "Themes",
            "final_project",
            "Wego Flights & Hotels",
            "Mirror",
            "Call of Duty",
            "Sololearn",
            "Files",
            "Assistant·TODAY",
            "AppGallery",
            "AI Search",
            "Files",
            "Tips",
            "FM Radio",
            "WhatsApp",
            "Sheets",
            "Weather",
            "Slides",
            "AppAssistant",
            "ماهر المعيقلي",
            "Messages",
            "Petra Ride",
            "My HUAWEI",
            "HUAWEI Video",
            "Petal Clip",
            "My Orange",
            "Celia Keyboard",
            "Recorder",
            "Speedtest",
            "Google Play Store",
            "eFAWATEERcom",
            "Contacts",
            "app_usage_example",
            "My Fiberbox",
            "Member Center",
            "SIM Toolkit",
            "Calculator",
            "Instagram",
            "remove.bg",
            "Total Control",
            "Books",
            "Gmail",
            "Meet",
            "Edge",
            "GameCenter",
            "Calendar",
            "TaxiF",
            "Clash of Clans",
            "Outlook",
            "backiee",
            "Petal Maps",
            "Snaptube",
            "Optimizer",
            "StayFree",
            "Telegram X",
            "Browser",
            "Phone Clone",
            "Drive",
            "Maps",
            "Intelligent CV",
            "Scrollshot",
            "Notepad",
            "Chrome",
            "Gallery",
            "Anime Slayer",
            "Manga Slayer",
            "Google TV",
            "COD:BOZ",
            "Minecraft",
            "Photos",
            "Spotify",
            "HiSuite",
            "Uber",
            "Office",
            "Compass",
            "Udemy",
            "meal_app",
            "Facebook",
            "ADM",
            "طقس العرب",
            "Software update",
            "Family Link",
            "Messenger",
            "Raid",
            "ASD Player",
            "Jeeny",
            "Card Maker for YugiOh",
            "Translate",
            "PC.net Academy",
            "Azan Jordan",
            "LinkedIn",
            "Settings",
            "Google Play Books",
            "Ampere",
            "ختم القرآن الكريم",
            "Meet (original)",
            "Email",
            "Authenticator",
            "Figma",
            "Clock",
            "Home Workout",
            "EU Login Mobile",
            "Mi Home",
            "Google Play Games",
            "Bottled",
            "TLauncher PE",
            "Parental Controls",
            "Earth",
            "Azure",
            "Canva",
            "Teams",
            "Petal Search",
            "Snapchat"
          ],
          "AppsUsages": [
            629,
            22,
            27,
            162,
            5,
            40,
            605,
            368,
            24,
            290,
            61,
            739,
            315,
            95
          ],
          "Child Name": "Alexander",
          "SystemApp": [
            true,
            true,
            false,
            true,
            false,
            true,
            true,
            false,
            true,
            true,
            false,
            true,
            false,
            false,
            true,
            false,
            false,
            true,
            true,
            true,
            true,
            true,
            true,
            true,
            false,
            false,
            true,
            false,
            true,
            false,
            true,
            false,
            true,
            true,
            true,
            false,
            true,
            true,
            false,
            true,
            false,
            true,
            false,
            false,
            true,
            true,
            true,
            false,
            false,
            false,
            true,
            true,
            true,
            false,
            true,
            true,
            false,
            false,
            false,
            false,
            true,
            false,
            true,
            false,
            false,
            true,
            true,
            true,
            true,
            false,
            true,
            true,
            true,
            true,
            false,
            false,
            true,
            false,
            false,
            true,
            false,
            false,
            false,
            false,
            true,
            false,
            false,
            false,
            false,
            false,
            true,
            false,
            false,
            false,
            false,
            false,
            false,
            false,
            false,
            false,
            false,
            true,
            false,
            false,
            false,
            false,
            true,
            false,
            false,
            true,
            false,
            false,
            false,
            false,
            false,
            false,
            false,
            false,
            false,
            false,
            false,
            true,
            false
          ]
        },
        "1612": {
          "Child Name": "Gelbert"
        },
        "2318": {
          "Child Name": "Saly",
          "usageInfo": [
            "app_usage_example",
            "googlequicksearchbox",
            "systemui",
            "permissioncontroller",
            "test",
            "settings",
            "application",
            "nexuslauncher"
          ]
        },
        "2679": {
          "AndroidVersion": {
            "android": "10"
          },
          "Apps Names": [
            "YouTube",
            "Camera",
            "Your Phone Companion",
            "HUAWEI Music",
            "Truecaller",
            "Google",
            "Huawei Health",
            "Assistant",
            "Cloud",
            "Microsoft SwiftKey Keyboard",
            "Docs",
            "Themes",
            "final_project",
            "Wego Flights & Hotels",
            "Mirror",
            "Call of Duty",
            "Sololearn",
            "Files",
            "Assistant·TODAY",
            "AppGallery",
            "AI Search",
            "Files",
            "Tips",
            "FM Radio",
            "WhatsApp",
            "Sheets",
            "Weather",
            "Slides",
            "AppAssistant",
            "ماهر المعيقلي",
            "Messages",
            "Petra Ride",
            "My HUAWEI",
            "HUAWEI Video",
            "Petal Clip",
            "My Orange",
            "Celia Keyboard",
            "Recorder",
            "Speedtest",
            "Google Play Store",
            "eFAWATEERcom",
            "Contacts",
            "app_usage_example",
            "My Fiberbox",
            "Member Center",
            "SIM Toolkit",
            "Calculator",
            "Instagram",
            "remove.bg",
            "Total Control",
            "Books",
            "Gmail",
            "Meet",
            "Edge",
            "GameCenter",
            "Calendar",
            "TaxiF",
            "Clash of Clans",
            "Outlook",
            "backiee",
            "Petal Maps",
            "Snaptube",
            "Optimizer",
            "StayFree",
            "Telegram X",
            "Browser",
            "Phone Clone",
            "Drive",
            "Maps",
            "Intelligent CV",
            "Scrollshot",
            "Notepad",
            "Chrome",
            "Gallery",
            "Anime Slayer",
            "Manga Slayer",
            "Google TV",
            "COD:BOZ",
            "Minecraft",
            "Photos",
            "Spotify",
            "HiSuite",
            "Uber",
            "Office",
            "Compass",
            "Udemy",
            "meal_app",
            "Facebook",
            "ADM",
            "طقس العرب",
            "Software update",
            "Family Link",
            "Messenger",
            "Raid",
            "ASD Player",
            "Jeeny",
            "Card Maker for YugiOh",
            "Translate",
            "PC.net Academy",
            "Azan Jordan",
            "LinkedIn",
            "Settings",
            "Google Play Books",
            "Ampere",
            "ختم القرآن الكريم",
            "Meet (original)",
            "Email",
            "Authenticator",
            "Figma",
            "Clock",
            "Home Workout",
            "EU Login Mobile",
            "Mi Home",
            "Google Play Games",
            "Bottled",
            "TLauncher PE",
            "Parental Controls",
            "Earth",
            "Azure",
            "Canva",
            "Teams",
            "Petal Search",
            "Snapchat"
          ],
          "Apps Usages": [
            93,
            27,
            605,
            428,
            24,
            95,
            39,
            1286,
            162,
            5,
            57,
            564,
            29,
            61,
            739,
            349
          ],
          "Brand": {
            "brand": "HUAWEI"
          },
          "Child Name": "HUSSAM",
          "Model": {
            "model": "MAR-LX1A"
          },
          "System App": [
            true,
            true,
            false,
            true,
            false,
            true,
            true,
            false,
            true,
            true,
            false,
            true,
            false,
            false,
            true,
            false,
            false,
            true,
            true,
            true,
            true,
            true,
            true,
            true,
            false,
            false,
            true,
            false,
            true,
            false,
            true,
            false,
            true,
            true,
            true,
            false,
            true,
            true,
            false,
            true,
            false,
            true,
            false,
            false,
            true,
            true,
            true,
            false,
            false,
            false,
            true,
            true,
            true,
            false,
            true,
            true,
            false,
            false,
            false,
            false,
            true,
            false,
            true,
            false,
            false,
            true,
            true,
            true,
            true,
            false,
            true,
            true,
            true,
            true,
            false,
            false,
            true,
            false,
            false,
            true,
            false,
            false,
            false,
            false,
            true,
            false,
            false,
            false,
            false,
            false,
            true,
            false,
            false,
            false,
            false,
            false,
            false,
            false,
            false,
            false,
            false,
            true,
            false,
            false,
            false,
            false,
            true,
            false,
            false,
            true,
            false,
            false,
            false,
            false,
            false,
            false,
            false,
            false,
            false,
            false,
            false,
            true,
            false
          ]
        },
        "2832": {
          "AppsNames2": [
            "SIM Toolkit",
            "Total Control",
            "Settings"
          ],
          "AppsUsages": [
            5940,
            14,
            12,
            13,
            12,
            36,
            58486,
            15180
          ],
          "Child Name": "HackerAhmad",
          "SystemApp": [
            true,
            false,
            true
          ]
        },
        "2875": {
          "Child Name": "Steve"
        },
        "2937": {
          "AppCategory": [
            "undefined",
            "undefined",
            "undefined"
          ],
          "AppsNames1": [
            "app_usage_example",
            "googlequicksearchbox",
            "systemui",
            "permissioncontroller",
            "test",
            "settings",
            "application",
            "nexuslauncher"
          ],
          "AppsNames2": [
            "SIM Toolkit",
            "Total Control",
            "Settings"
          ],
          "AppsUsages": [
            5940,
            13,
            12,
            6,
            12,
            36,
            57080,
            13601
          ],
          "Child Name": "x",
          "SystemApp": [
            true,
            false,
            true
          ]
        },
        "3127": {
          "Child Name": "Naya"
        },
        "3288": {
          "ApplicationsDetails": [
            "SIM Toolkit",
            "Total Control",
            "Settings"
          ],
          "Child Name": "Rama",
          "usageInfo": [
            "app_usage_example",
            "googlequicksearchbox",
            "systemui",
            "permissioncontroller",
            "test",
            "settings",
            "application",
            "nexuslauncher"
          ]
        },
        "4365": {
          "AndroidVersion": {
            "android": ""
          },
          "AppsNames2": [
            "SIM Toolkit",
            "Total Control",
            "Settings"
          ],
          "AppsUsages": [
            5940,
            14,
            12,
            13,
            12,
            36,
            58486,
            15180
          ],
          "Brand": {
            "brand": "google"
          },
          "Child Name": "HackerAhmad2",
          "SystemApp": [
            true,
            false,
            true
          ]
        },
        "4542": {
          "AppCategory": [
            "undefined",
            "undefined",
            "undefined"
          ],
          "AppsNames1": [
            "app_usage_example",
            "googlequicksearchbox",
            "systemui",
            "permissioncontroller",
            "test",
            "settings",
            "application",
            "nexuslauncher"
          ],
          "AppsNames2": [
            "SIM Toolkit",
            "Total Control",
            "Settings"
          ],
          "AppsUsages": [
            5940,
            13,
            12,
            6,
            12,
            36,
            57019,
            13364
          ],
          "Child Name": "test1",
          "SystemApp": [
            true,
            false,
            true
          ]
        },
        "4551": {
          "Child Name": "khalid"
        },
        "4803": [
          "app_usage_example",
          "googlequicksearchbox",
          "systemui",
          "permissioncontroller",
          "test",
          "settings",
          "application",
          "nexuslauncher"
        ],
        "5181": {
          "AndroidVersion": {
            "android": ""
          },
          "Apps Names": [
            "SIM Toolkit",
            "Total Control",
            "Settings"
          ],
          "Apps Usages": [
            5940,
            14,
            12,
            13,
            12,
            36,
            59090,
            15180
          ],
          "Brand": {
            "brand": "google"
          },
          "Child Name": "SeniorDevHussam",
          "Model": {
            "model": "sdk_gphone64_x86_64"
          },
          "System App": [
            true,
            false,
            true
          ]
        },
        "5423": {
          "AppsNames1": [
            "app_usage_example",
            "googlequicksearchbox",
            "systemui",
            "permissioncontroller",
            "test",
            "settings",
            "application",
            "nexuslauncher"
          ],
          "AppsNames2": [
            "SIM Toolkit",
            "Total Control",
            "Settings"
          ],
          "Child Name": "King Lilian",
          "SystemApp": [
            true,
            false,
            true
          ]
        },
        "6465": {
          "AppCategory": [
            "undefined",
            "undefined",
            "undefined"
          ],
          "AppsNames1": [
            "app_usage_example",
            "googlequicksearchbox",
            "systemui",
            "permissioncontroller",
            "test",
            "settings",
            "application",
            "nexuslauncher"
          ],
          "AppsNames2": [
            "SIM Toolkit",
            "Total Control",
            "Settings"
          ],
          "AppsUsages": [
            5940,
            13,
            12,
            6,
            12,
            36,
            56534,
            13364
          ],
          "Child Name": "Mario",
          "SystemApp": [
            true,
            false,
            true
          ]
        },
        "7852": {
          "AppCategory": [
            "undefined",
            "undefined",
            "undefined"
          ],
          "AppsNames1": [
            "app_usage_example",
            "googlequicksearchbox",
            "systemui",
            "permissioncontroller",
            "test",
            "settings",
            "application",
            "nexuslauncher"
          ],
          "AppsNames2": [
            "SIM Toolkit",
            "Total Control",
            "Settings"
          ],
          "AppsUsages": [
            5940,
            13,
            12,
            6,
            12,
            36,
            57080,
            13601
          ],
          "Child Name": "alex",
          "SystemApp": [
            true,
            false,
            true
          ]
        },
        "7893": {
          "AndroidVersion": {
            "android": "HUAWEI/MAR-LX1A/HWMAR:10/HUAWEIMAR-L21MEB/10.0.0.221C185:user/release-keys"
          },
          "Apps Names": [
            "YouTube",
            "Camera",
            "Your Phone Companion",
            "HUAWEI Music",
            "Truecaller",
            "Google",
            "Huawei Health",
            "Assistant",
            "Cloud",
            "Microsoft SwiftKey Keyboard",
            "Docs",
            "Themes",
            "final_project",
            "Wego Flights & Hotels",
            "Mirror",
            "Call of Duty",
            "Sololearn",
            "Files",
            "Assistant·TODAY",
            "AppGallery",
            "AI Search",
            "Files",
            "Tips",
            "FM Radio",
            "WhatsApp",
            "Sheets",
            "Weather",
            "Slides",
            "AppAssistant",
            "ماهر المعيقلي",
            "Messages",
            "Petra Ride",
            "My HUAWEI",
            "HUAWEI Video",
            "Petal Clip",
            "My Orange",
            "Celia Keyboard",
            "Recorder",
            "Speedtest",
            "Google Play Store",
            "eFAWATEERcom",
            "Contacts",
            "app_usage_example",
            "My Fiberbox",
            "Member Center",
            "SIM Toolkit",
            "Calculator",
            "Instagram",
            "remove.bg",
            "Total Control",
            "Books",
            "Gmail",
            "Meet",
            "Edge",
            "GameCenter",
            "Calendar",
            "TaxiF",
            "Clash of Clans",
            "Outlook",
            "backiee",
            "Petal Maps",
            "Snaptube",
            "Optimizer",
            "StayFree",
            "Telegram X",
            "Browser",
            "Phone Clone",
            "Drive",
            "Maps",
            "Intelligent CV",
            "Scrollshot",
            "Notepad",
            "Chrome",
            "Gallery",
            "Anime Slayer",
            "Manga Slayer",
            "Google TV",
            "COD:BOZ",
            "Minecraft",
            "Photos",
            "Spotify",
            "HiSuite",
            "Uber",
            "Office",
            "Compass",
            "Udemy",
            "meal_app",
            "Facebook",
            "ADM",
            "طقس العرب",
            "Software update",
            "Family Link",
            "Messenger",
            "Raid",
            "ASD Player",
            "Jeeny",
            "Card Maker for YugiOh",
            "Translate",
            "PC.net Academy",
            "Azan Jordan",
            "LinkedIn",
            "Settings",
            "Google Play Books",
            "Ampere",
            "ختم القرآن الكريم",
            "Meet (original)",
            "Email",
            "Authenticator",
            "Figma",
            "Clock",
            "Home Workout",
            "EU Login Mobile",
            "Mi Home",
            "Google Play Games",
            "Bottled",
            "TLauncher PE",
            "Parental Controls",
            "Earth",
            "Azure",
            "Canva",
            "Teams",
            "Petal Search",
            "Snapchat"
          ],
          "Apps Usages": [
            93,
            27,
            605,
            428,
            24,
            95,
            39,
            1286,
            162,
            5,
            57,
            564,
            29,
            61,
            739,
            349
          ],
          "Brand": {
            "brand": "HUAWEI"
          },
          "Child Name": "ManagerHadeel",
          "Model": {
            "model": "MAR-LX1A"
          },
          "System App": [
            true,
            true,
            false,
            true,
            false,
            true,
            true,
            false,
            true,
            true,
            false,
            true,
            false,
            false,
            true,
            false,
            false,
            true,
            true,
            true,
            true,
            true,
            true,
            true,
            false,
            false,
            true,
            false,
            true,
            false,
            true,
            false,
            true,
            true,
            true,
            false,
            true,
            true,
            false,
            true,
            false,
            true,
            false,
            false,
            true,
            true,
            true,
            false,
            false,
            false,
            true,
            true,
            true,
            false,
            true,
            true,
            false,
            false,
            false,
            false,
            true,
            false,
            true,
            false,
            false,
            true,
            true,
            true,
            true,
            false,
            true,
            true,
            true,
            true,
            false,
            false,
            true,
            false,
            false,
            true,
            false,
            false,
            false,
            false,
            true,
            false,
            false,
            false,
            false,
            false,
            true,
            false,
            false,
            false,
            false,
            false,
            false,
            false,
            false,
            false,
            false,
            true,
            false,
            false,
            false,
            false,
            true,
            false,
            false,
            true,
            false,
            false,
            false,
            false,
            false,
            false,
            false,
            false,
            false,
            false,
            false,
            true,
            false
          ]
        },
        "8539": {
          "AppCategory": [
            "video",
            "undefined",
            "productivity",
            "undefined",
            "social",
            "productivity",
            "undefined",
            "undefined",
            "undefined",
            "productivity",
            "productivity",
            "undefined",
            "undefined",
            "undefined",
            "undefined",
            "game",
            "undefined",
            "undefined",
            "undefined",
            "undefined",
            "undefined",
            "undefined",
            "undefined",
            "undefined",
            "social",
            "productivity",
            "undefined",
            "productivity",
            "undefined",
            "audio",
            "social",
            "maps",
            "productivity",
            "undefined",
            "undefined",
            "productivity",
            "undefined",
            "undefined",
            "productivity",
            "undefined",
            "productivity",
            "undefined",
            "undefined",
            "productivity",
            "undefined",
            "undefined",
            "undefined",
            "social",
            "image",
            "undefined",
            "undefined",
            "social",
            "social",
            "social",
            "undefined",
            "undefined",
            "undefined",
            "game",
            "productivity",
            "undefined",
            "maps",
            "undefined",
            "undefined",
            "productivity",
            "social",
            "undefined",
            "productivity",
            "productivity",
            "undefined",
            "productivity",
            "undefined",
            "undefined",
            "social",
            "undefined",
            "undefined",
            "undefined",
            "video",
            "undefined",
            "undefined",
            "image",
            "audio",
            "undefined",
            "maps",
            "undefined",
            "undefined",
            "undefined",
            "undefined",
            "social",
            "productivity",
            "undefined",
            "undefined",
            "productivity",
            "social",
            "game",
            "video",
            "maps",
            "undefined",
            "productivity",
            "undefined",
            "undefined",
            "productivity",
            "undefined",
            "productivity",
            "productivity",
            "productivity",
            "productivity",
            "undefined",
            "productivity",
            "undefined",
            "undefined",
            "undefined",
            "undefined",
            "undefined",
            "undefined",
            "social",
            "undefined",
            "productivity",
            "undefined",
            "productivity",
            "undefined",
            "productivity",
            "undefined",
            "social"
          ],
          "AppsNames1": [
            "launcher",
            "systemmanager"
          ],
          "AppsNames2": [
            "YouTube",
            "Camera",
            "Your Phone Companion",
            "HUAWEI Music",
            "Truecaller",
            "Google",
            "Huawei Health",
            "Assistant",
            "Cloud",
            "Microsoft SwiftKey Keyboard",
            "Docs",
            "Themes",
            "final_project",
            "Wego Flights & Hotels",
            "Mirror",
            "Call of Duty",
            "Sololearn",
            "Files",
            "Assistant·TODAY",
            "AppGallery",
            "AI Search",
            "Files",
            "Tips",
            "FM Radio",
            "WhatsApp",
            "Sheets",
            "Weather",
            "Slides",
            "AppAssistant",
            "ماهر المعيقلي",
            "Messages",
            "Petra Ride",
            "My HUAWEI",
            "HUAWEI Video",
            "Petal Clip",
            "My Orange",
            "Celia Keyboard",
            "Recorder",
            "Speedtest",
            "Google Play Store",
            "eFAWATEERcom",
            "Contacts",
            "app_usage_example",
            "My Fiberbox",
            "Member Center",
            "SIM Toolkit",
            "Calculator",
            "Instagram",
            "remove.bg",
            "Total Control",
            "Books",
            "Gmail",
            "Meet",
            "Edge",
            "GameCenter",
            "Calendar",
            "TaxiF",
            "Clash of Clans",
            "Outlook",
            "backiee",
            "Petal Maps",
            "Snaptube",
            "Optimizer",
            "StayFree",
            "Telegram X",
            "Browser",
            "Phone Clone",
            "Drive",
            "Maps",
            "Intelligent CV",
            "Scrollshot",
            "Notepad",
            "Chrome",
            "Gallery",
            "Anime Slayer",
            "Manga Slayer",
            "Google TV",
            "COD:BOZ",
            "Minecraft",
            "Photos",
            "Spotify",
            "HiSuite",
            "Uber",
            "Office",
            "Compass",
            "Udemy",
            "meal_app",
            "Facebook",
            "ADM",
            "طقس العرب",
            "Software update",
            "Family Link",
            "Messenger",
            "Raid",
            "ASD Player",
            "Jeeny",
            "Card Maker for YugiOh",
            "Translate",
            "PC.net Academy",
            "Azan Jordan",
            "LinkedIn",
            "Settings",
            "Google Play Books",
            "Ampere",
            "ختم القرآن الكريم",
            "Meet (original)",
            "Email",
            "Authenticator",
            "Figma",
            "Clock",
            "Home Workout",
            "EU Login Mobile",
            "Mi Home",
            "Google Play Games",
            "Bottled",
            "TLauncher PE",
            "Parental Controls",
            "Earth",
            "Azure",
            "Canva",
            "Teams",
            "Petal Search",
            "Snapchat"
          ],
          "AppsUsages": [
            119,
            3
          ],
          "Child Name": "محمد ",
          "SystemApp": [
            true,
            true,
            false,
            true,
            false,
            true,
            true,
            false,
            true,
            true,
            false,
            true,
            false,
            false,
            true,
            false,
            false,
            true,
            true,
            true,
            true,
            true,
            true,
            true,
            false,
            false,
            true,
            false,
            true,
            false,
            true,
            false,
            true,
            true,
            true,
            false,
            true,
            true,
            false,
            true,
            false,
            true,
            false,
            false,
            true,
            true,
            true,
            false,
            false,
            false,
            true,
            true,
            true,
            false,
            true,
            true,
            false,
            false,
            false,
            false,
            true,
            false,
            true,
            false,
            false,
            true,
            true,
            true,
            true,
            false,
            true,
            true,
            true,
            true,
            false,
            false,
            true,
            false,
            false,
            true,
            false,
            false,
            false,
            false,
            true,
            false,
            false,
            false,
            false,
            false,
            true,
            false,
            false,
            false,
            false,
            false,
            false,
            false,
            false,
            false,
            false,
            true,
            false,
            false,
            false,
            false,
            true,
            false,
            false,
            true,
            false,
            false,
            false,
            false,
            false,
            false,
            false,
            false,
            false,
            false,
            false,
            true,
            false
          ]
        },
        "8620": {
          "Child Name": "Loid"
        },
        "9290": {
          "AppCategory": [
            "video",
            "undefined",
            "productivity",
            "undefined",
            "social",
            "productivity",
            "undefined",
            "undefined",
            "undefined",
            "productivity",
            "productivity",
            "undefined",
            "undefined",
            "undefined",
            "undefined",
            "game",
            "undefined",
            "undefined",
            "undefined",
            "undefined",
            "undefined",
            "undefined",
            "undefined",
            "undefined",
            "social",
            "productivity",
            "undefined",
            "productivity",
            "undefined",
            "audio",
            "social",
            "maps",
            "productivity",
            "undefined",
            "undefined",
            "productivity",
            "undefined",
            "undefined",
            "productivity",
            "undefined",
            "productivity",
            "undefined",
            "undefined",
            "productivity",
            "undefined",
            "undefined",
            "undefined",
            "social",
            "image",
            "undefined",
            "undefined",
            "social",
            "social",
            "social",
            "undefined",
            "undefined",
            "undefined",
            "game",
            "productivity",
            "undefined",
            "maps",
            "undefined",
            "undefined",
            "productivity",
            "social",
            "undefined",
            "productivity",
            "productivity",
            "undefined",
            "productivity",
            "undefined",
            "undefined",
            "social",
            "undefined",
            "undefined",
            "undefined",
            "video",
            "undefined",
            "undefined",
            "image",
            "audio",
            "undefined",
            "maps",
            "undefined",
            "undefined",
            "undefined",
            "undefined",
            "social",
            "productivity",
            "undefined",
            "undefined",
            "productivity",
            "social",
            "game",
            "video",
            "maps",
            "undefined",
            "productivity",
            "undefined",
            "undefined",
            "productivity",
            "undefined",
            "productivity",
            "productivity",
            "productivity",
            "productivity",
            "undefined",
            "productivity",
            "undefined",
            "undefined",
            "undefined",
            "undefined",
            "undefined",
            "undefined",
            "social",
            "undefined",
            "productivity",
            "undefined",
            "productivity",
            "undefined",
            "productivity",
            "undefined",
            "social"
          ],
          "AppsNames1": [
            "launcher",
            "application",
            "systemmanager"
          ],
          "AppsNames2": [
            "YouTube",
            "Camera",
            "Your Phone Companion",
            "HUAWEI Music",
            "Truecaller",
            "Google",
            "Huawei Health",
            "Assistant",
            "Cloud",
            "Microsoft SwiftKey Keyboard",
            "Docs",
            "Themes",
            "final_project",
            "Wego Flights & Hotels",
            "Mirror",
            "Call of Duty",
            "Sololearn",
            "Files",
            "Assistant·TODAY",
            "AppGallery",
            "AI Search",
            "Files",
            "Tips",
            "FM Radio",
            "WhatsApp",
            "Sheets",
            "Weather",
            "Slides",
            "AppAssistant",
            "ماهر المعيقلي",
            "Messages",
            "Petra Ride",
            "My HUAWEI",
            "HUAWEI Video",
            "Petal Clip",
            "My Orange",
            "Celia Keyboard",
            "Recorder",
            "Speedtest",
            "Google Play Store",
            "eFAWATEERcom",
            "Contacts",
            "app_usage_example",
            "My Fiberbox",
            "Member Center",
            "SIM Toolkit",
            "Calculator",
            "Instagram",
            "remove.bg",
            "Total Control",
            "Books",
            "Gmail",
            "Meet",
            "Edge",
            "GameCenter",
            "Calendar",
            "TaxiF",
            "Clash of Clans",
            "Outlook",
            "backiee",
            "Petal Maps",
            "Snaptube",
            "Optimizer",
            "StayFree",
            "Telegram X",
            "Browser",
            "Phone Clone",
            "Drive",
            "Maps",
            "Intelligent CV",
            "Scrollshot",
            "Notepad",
            "Chrome",
            "Gallery",
            "Anime Slayer",
            "Manga Slayer",
            "Google TV",
            "COD:BOZ",
            "Minecraft",
            "Photos",
            "Spotify",
            "HiSuite",
            "Uber",
            "Office",
            "Compass",
            "Udemy",
            "meal_app",
            "Facebook",
            "ADM",
            "طقس العرب",
            "Software update",
            "Family Link",
            "Messenger",
            "Raid",
            "ASD Player",
            "Jeeny",
            "Card Maker for YugiOh",
            "Translate",
            "PC.net Academy",
            "Azan Jordan",
            "LinkedIn",
            "Settings",
            "Google Play Books",
            "Ampere",
            "ختم القرآن الكريم",
            "Meet (original)",
            "Email",
            "Authenticator",
            "Figma",
            "Clock",
            "Home Workout",
            "EU Login Mobile",
            "Mi Home",
            "Google Play Games",
            "Bottled",
            "TLauncher PE",
            "Parental Controls",
            "Earth",
            "Azure",
            "Canva",
            "Teams",
            "Petal Search",
            "Snapchat"
          ],
          "AppsUsages": [
            204,
            164,
            3
          ],
          "Child Name": "صهيب ",
          "SystemApp": [
            true,
            true,
            false,
            true,
            false,
            true,
            true,
            false,
            true,
            true,
            false,
            true,
            false,
            false,
            true,
            false,
            false,
            true,
            true,
            true,
            true,
            true,
            true,
            true,
            false,
            false,
            true,
            false,
            true,
            false,
            true,
            false,
            true,
            true,
            true,
            false,
            true,
            true,
            false,
            true,
            false,
            true,
            false,
            false,
            true,
            true,
            true,
            false,
            false,
            false,
            true,
            true,
            true,
            false,
            true,
            true,
            false,
            false,
            false,
            false,
            true,
            false,
            true,
            false,
            false,
            true,
            true,
            true,
            true,
            false,
            true,
            true,
            true,
            true,
            false,
            false,
            true,
            false,
            false,
            true,
            false,
            false,
            false,
            false,
            true,
            false,
            false,
            false,
            false,
            false,
            true,
            false,
            false,
            false,
            false,
            false,
            false,
            false,
            false,
            false,
            false,
            true,
            false,
            false,
            false,
            false,
            true,
            false,
            false,
            true,
            false,
            false,
            false,
            false,
            false,
            false,
            false,
            false,
            false,
            false,
            false,
            true,
            false
          ]
        }
      },
      "Name": "Hussam Alraggad",
      "User_Mode": "family",
      "User_Type": "Normal"
    }
  }
}